{"cameraMode":{"drawMode":0,"name":"Shaded","section":"Shading Mode"},"sceneLighting":true,"audioPlay":false,"sceneViewState":{"showFog":true,"showMaterialUpdate":false,"showSkybox":true,"showFlares":true,"showImageEffects":true,"showParticleSystems":true},"in2DMode":false,"pivot":{"x":15.999865531921387,"y":0.8735643625259399,"z":0.03007364273071289},"rotation":{"x":-0.33462363481521609,"y":0.031092019751667978,"z":-0.011043981648981572,"w":-0.9417740702629089},"size":6.004826068878174,"orthographic":false}