{"cameraMode":{"drawMode":0,"name":"Shaded","section":"Shading Mode"},"sceneLighting":true,"audioPlay":false,"sceneViewState":{"showFog":true,"showMaterialUpdate":false,"showSkybox":true,"showFlares":true,"showImageEffects":true,"showParticleSystems":true},"in2DMode":false,"pivot":{"x":16.621150970458986,"y":4.871335029602051,"z":18.61124038696289},"rotation":{"x":-0.1680644005537033,"y":-0.019221056252717973,"z":0.0032779760658740999,"w":-0.9855831861495972},"size":3.7311089038848879,"orthographic":false}