{"cameraMode":{"drawMode":0,"name":"Shaded","section":"Shading Mode"},"sceneLighting":true,"audioPlay":false,"sceneViewState":{"showFog":true,"showMaterialUpdate":false,"showSkybox":true,"showFlares":true,"showImageEffects":true,"showParticleSystems":true},"in2DMode":false,"pivot":{"x":16.51384735107422,"y":1.3647575378417969,"z":1.5258270502090455},"rotation":{"x":-0.534479558467865,"y":0.3266091048717499,"z":-0.23484563827514649,"w":-0.743307888507843},"size":6.004826068878174,"orthographic":false}